group,function,value,sample_time_nanos,iteration_count
Sequential vs. Parallel Hashing,Sequential Hashing,,56388355,1
Sequential vs. Parallel Hashing,Sequential Hashing,,108254692,2
Sequential vs. Parallel Hashing,Sequential Hashing,,158707856,3
Sequential vs. Parallel Hashing,Sequential Hashing,,217431703,4
Sequential vs. Parallel Hashing,Sequential Hashing,,274605777,5
Sequential vs. Parallel Hashing,Sequential Hashing,,317679162,6
Sequential vs. Parallel Hashing,Sequential Hashing,,372499429,7
Sequential vs. Parallel Hashing,Sequential Hashing,,431441349,8
Sequential vs. Parallel Hashing,Sequential Hashing,,478188194,9
Sequential vs. Parallel Hashing,Sequential Hashing,,560283333,10
Sequential vs. Parallel Hashing,Sequential Hashing,,584973109,11
Sequential vs. Parallel Hashing,Sequential Hashing,,652422128,12
Sequential vs. Parallel Hashing,Sequential Hashing,,696153043,13
Sequential vs. Parallel Hashing,Sequential Hashing,,746933640,14
Sequential vs. Parallel Hashing,Sequential Hashing,,811119946,15
Sequential vs. Parallel Hashing,Sequential Hashing,,865090889,16
Sequential vs. Parallel Hashing,Sequential Hashing,,901725882,17
Sequential vs. Parallel Hashing,Sequential Hashing,,952349325,18
Sequential vs. Parallel Hashing,Sequential Hashing,,1003435310,19
Sequential vs. Parallel Hashing,Sequential Hashing,,1057065927,20
Sequential vs. Parallel Hashing,Sequential Hashing,,1108878277,21
Sequential vs. Parallel Hashing,Sequential Hashing,,1158683558,22
Sequential vs. Parallel Hashing,Sequential Hashing,,1214150667,23
Sequential vs. Parallel Hashing,Sequential Hashing,,1272852170,24
Sequential vs. Parallel Hashing,Sequential Hashing,,1317362483,25
Sequential vs. Parallel Hashing,Sequential Hashing,,1369046178,26
Sequential vs. Parallel Hashing,Sequential Hashing,,1435273878,27
Sequential vs. Parallel Hashing,Sequential Hashing,,1482184693,28
Sequential vs. Parallel Hashing,Sequential Hashing,,1528379365,29
Sequential vs. Parallel Hashing,Sequential Hashing,,1588069608,30
Sequential vs. Parallel Hashing,Sequential Hashing,,1643136087,31
Sequential vs. Parallel Hashing,Sequential Hashing,,1687266715,32
Sequential vs. Parallel Hashing,Sequential Hashing,,1740687773,33
Sequential vs. Parallel Hashing,Sequential Hashing,,1800602817,34
Sequential vs. Parallel Hashing,Sequential Hashing,,1855415113,35
Sequential vs. Parallel Hashing,Sequential Hashing,,1901689438,36
Sequential vs. Parallel Hashing,Sequential Hashing,,1953610065,37
Sequential vs. Parallel Hashing,Sequential Hashing,,2003045059,38
Sequential vs. Parallel Hashing,Sequential Hashing,,2133853578,39
Sequential vs. Parallel Hashing,Sequential Hashing,,2118033010,40
Sequential vs. Parallel Hashing,Sequential Hashing,,2169061805,41
Sequential vs. Parallel Hashing,Sequential Hashing,,2217375040,42
Sequential vs. Parallel Hashing,Sequential Hashing,,2269530202,43
Sequential vs. Parallel Hashing,Sequential Hashing,,2330880827,44
Sequential vs. Parallel Hashing,Sequential Hashing,,2384236477,45
Sequential vs. Parallel Hashing,Sequential Hashing,,2473208776,46
Sequential vs. Parallel Hashing,Sequential Hashing,,2488323927,47
Sequential vs. Parallel Hashing,Sequential Hashing,,2537732250,48
Sequential vs. Parallel Hashing,Sequential Hashing,,2591130452,49
Sequential vs. Parallel Hashing,Sequential Hashing,,2644338526,50
Sequential vs. Parallel Hashing,Sequential Hashing,,2699329588,51
Sequential vs. Parallel Hashing,Sequential Hashing,,2744821183,52
Sequential vs. Parallel Hashing,Sequential Hashing,,2806286808,53
Sequential vs. Parallel Hashing,Sequential Hashing,,2851907207,54
Sequential vs. Parallel Hashing,Sequential Hashing,,2912090889,55
Sequential vs. Parallel Hashing,Sequential Hashing,,2963192073,56
Sequential vs. Parallel Hashing,Sequential Hashing,,3017619216,57
Sequential vs. Parallel Hashing,Sequential Hashing,,3074994270,58
Sequential vs. Parallel Hashing,Sequential Hashing,,3123883901,59
Sequential vs. Parallel Hashing,Sequential Hashing,,3176504137,60
Sequential vs. Parallel Hashing,Sequential Hashing,,3233479065,61
Sequential vs. Parallel Hashing,Sequential Hashing,,3304161867,62
Sequential vs. Parallel Hashing,Sequential Hashing,,3358415043,63
Sequential vs. Parallel Hashing,Sequential Hashing,,3419635395,64
Sequential vs. Parallel Hashing,Sequential Hashing,,3459997809,65
Sequential vs. Parallel Hashing,Sequential Hashing,,3527261123,66
Sequential vs. Parallel Hashing,Sequential Hashing,,3573342754,67
Sequential vs. Parallel Hashing,Sequential Hashing,,3645967210,68
Sequential vs. Parallel Hashing,Sequential Hashing,,3694890338,69
Sequential vs. Parallel Hashing,Sequential Hashing,,3724664060,70
Sequential vs. Parallel Hashing,Sequential Hashing,,3808313703,71
Sequential vs. Parallel Hashing,Sequential Hashing,,3847996105,72
Sequential vs. Parallel Hashing,Sequential Hashing,,3898049801,73
Sequential vs. Parallel Hashing,Sequential Hashing,,3946685993,74
Sequential vs. Parallel Hashing,Sequential Hashing,,4010126446,75
Sequential vs. Parallel Hashing,Sequential Hashing,,4060379421,76
Sequential vs. Parallel Hashing,Sequential Hashing,,4115215515,77
Sequential vs. Parallel Hashing,Sequential Hashing,,4157718115,78
Sequential vs. Parallel Hashing,Sequential Hashing,,4227967763,79
Sequential vs. Parallel Hashing,Sequential Hashing,,4261582816,80
Sequential vs. Parallel Hashing,Sequential Hashing,,4345877205,81
Sequential vs. Parallel Hashing,Sequential Hashing,,4372521207,82
Sequential vs. Parallel Hashing,Sequential Hashing,,4426237501,83
Sequential vs. Parallel Hashing,Sequential Hashing,,4637729903,84
Sequential vs. Parallel Hashing,Sequential Hashing,,4581853575,85
Sequential vs. Parallel Hashing,Sequential Hashing,,4798000532,86
Sequential vs. Parallel Hashing,Sequential Hashing,,4612913340,87
Sequential vs. Parallel Hashing,Sequential Hashing,,4624123517,88
Sequential vs. Parallel Hashing,Sequential Hashing,,4892101532,89
Sequential vs. Parallel Hashing,Sequential Hashing,,4737914243,90
Sequential vs. Parallel Hashing,Sequential Hashing,,4786612143,91
Sequential vs. Parallel Hashing,Sequential Hashing,,4850015246,92
Sequential vs. Parallel Hashing,Sequential Hashing,,4973345576,93
Sequential vs. Parallel Hashing,Sequential Hashing,,4988083563,94
Sequential vs. Parallel Hashing,Sequential Hashing,,5085848759,95
Sequential vs. Parallel Hashing,Sequential Hashing,,5150297016,96
Sequential vs. Parallel Hashing,Sequential Hashing,,5205053794,97
Sequential vs. Parallel Hashing,Sequential Hashing,,5282792577,98
Sequential vs. Parallel Hashing,Sequential Hashing,,5308934905,99
Sequential vs. Parallel Hashing,Sequential Hashing,,5337275886,100
